accuracy,f1_score,fn,fp,precision,recall,tn,total,tp
0.7587939698492462,0.7623762376237624,23,25,0.7549019607843137,0.77,74,199,77
